year,gdp_nominal,gdp_growth_real,trade_total,trade_goods,trade_services
2008,14769.86175,0.0,-740.87,-832.492,140.887
2009,14478.06725,-0.025764958014218447,-419.15299999999996,-509.694,131.971
2010,15048.971,0.026951924999222394,-532.30875,-648.671,165.265
2011,15599.731500000002,0.015644068087848965,-579.61675,-741.0,208.876
2012,16253.97,0.022891118531306823,-551.61725,-741.121,239.396
2013,16880.683250000002,0.02117828634251213,-478.45349999999996,-700.539,272.586
2014,17608.13825,0.025238212172611896,-508.9,-749.917,286.294
2015,18295.019,0.029455490466893174,-524.3197500000001,-761.868,289.605
2016,18804.91325,0.01819452806019186,-503.27175000000005,-749.803,287.208
2017,19612.1025,0.02457623575704057,-543.3285,-799.343,301.499
2018,20656.515499999998,0.029664986199210437,-593.07675,-878.747,321.532
2019,21539.9815,0.025838316161415117,-577.2905,-857.261,321.853
2020,21375.2815,-0.02081378341995819,-618.55375,-912.875,275.823
2021,23745.847999999998,0.06268342823338019,-841.0725,-1083.191,256.083
2022,26059.709,0.024295971024682516,-918.3877500000001,-1174.566,271.677
2023,27825.886250000003,0.029185552393177328,-762.9092499999999,-1057.508,307.916
2024,29380.990749999997,0.029517383169920502,-881.45575,-1212.785,327.315
2025,30861.29225,0.023441580751900948,-921.211,-1259.621,327.66
2026,32234.652000000002,0.016618079494266934,-850.5250000000001,-1134.5554285714284,367.89428571428573
